Workbook
Name dram_access_latency: Architecture!$B$4
Name dram_bandwidth: Architecture!$B$3
Name frequency: Architecture!$B$2
Name ic_unroll: Architecture!$B$5
Name oc_unroll: Architecture!$B$6

Sheet Architecture
A1: Architecture (editable)
A2: frequency | B2: 1
A3: dram_bandwidth | B3: 68
A4: dram_access_latency | B4: 100
A5: ic_unroll | B5: 64
A6: oc_unroll | B6: 64
A8: bytes/cycle | B8: =dram_bandwidth/frequency -> 68

Sheet Operations
A1: Node | B1: Op type | C1: Input | D1: Weight | E1: Output | F1: Macs / Ops | G1: Ideal cycles | H1: Utilization | I1: Effective cycles
A2: quantize_default | B2: vector | C2: 1x1x4096 | E2: 1x1x4096 | F2: 4096 | G2: =CEILING(F2/oc_unroll,1) -> 64 | H2: 0.5 | I2: =CEILING(G2/H2,1) -> 128
A3: model_layers_0_input_layernorm_fused | B3: vector | C3: 1x1x4096 | E3: 1x1x4096 | F3: 4096 | G3: =CEILING(F3/oc_unroll,1) -> 64 | H3: 0.03125 | I3: =CEILING(G3/H3,1) -> 2048
A4: model_layers_0_self_attn_q_proj_fused | B4: gemm | C4: 1x1x4096 | D4: 1024x4096 | E4: 1x1x1024 | F4: 4194304 | G4: =CEILING(F4/oc_unroll,1) -> 65536 | H4: 1 | I4: =CEILING(G4/H4,1) -> 65536
A5: model_layers_0_self_attn_k_proj_fused | B5: gemm | C5: 1x1x4096 | D5: 1024x4096 | E5: 1x1x1024 | F5: 4194304 | G5: =CEILING(F5/oc_unroll,1) -> 65536 | H5: 1 | I5: =CEILING(G5/H5,1) -> 65536
A6: model_layers_0_self_attn_v_proj_fused | B6: gemm | C6: 1x1x4096 | D6: 1024x4096 | E6: 1x1x1024 | F6: 4194304 | G6: =CEILING(F6/oc_unroll,1) -> 65536 | H6: 1 | I6: =CEILING(G6/H6,1) -> 65536
A7: neg | B7: vector | C7: 1x32x1x64 | E7: 1x32x1x64 | F7: 2048 | G7: =CEILING(F7/oc_unroll,1) -> 32 | H7: 0.5 | I7: =CEILING(G7/H7,1) -> 64
A8: mul_3 | B8: vector | C8: 1x32x1x128 | E8: 1x32x1x128 | F8: 4096 | G8: =CEILING(F8/oc_unroll,1) -> 64 | H8: 0.5 | I8: =CEILING(G8/H8,1) -> 128
A9: mul_2_fused | B9: vector | C9: 1x32x1x128 | E9: 1x32x1x128 | F9: 4096 | G9: =CEILING(F9/oc_unroll,1) -> 64 | H9: 0.5 | I9: =CEILING(G9/H9,1) -> 128
A10: neg_1 | B10: vector | C10: 1x32x1x64 | E10: 1x32x1x64 | F10: 2048 | G10: =CEILING(F10/oc_unroll,1) -> 32 | H10: 0.5 | I10: =CEILING(G10/H10,1) -> 64
A11: mul_5 | B11: vector | C11: 1x32x1x128 | E11: 1x32x1x128 | F11: 4096 | G11: =CEILING(F11/oc_unroll,1) -> 64 | H11: 0.5 | I11: =CEILING(G11/H11,1) -> 128
A12: mul_4_fused | B12: vector | C12: 1x32x1x128 | E12: 1x32x1x128 | F12: 4096 | G12: =CEILING(F12/oc_unroll,1) -> 64 | H12: 0.5 | I12: =CEILING(G12/H12,1) -> 128
A13: quantize_mx_default_3 | B13: vector | C13: 1x2x128x640 | E13: 1x2x128x640 | F13: 163840 | G13: =CEILING(F13/oc_unroll,1) -> 2560 | H13: 0.5 | I13: =CEILING(G13/H13,1) -> 5120
A14: matmul_mx_default_fused | B14: gemm | C14: 1x1x1x128 | D14: 1x1x640x128 | E14: 1x1x1x640 | F14: 81920 | G14: =CEILING(F14/oc_unroll,1) -> 1280 | H14: 1 | I14: =CEILING(G14/H14,1) -> 1280
A15: softmax_fused | B15: vector | C15: 1x8x1x640 | E15: 1x8x1x640 | F15: 5120 | G15: =CEILING(F15/oc_unroll,1) -> 80 | H15: 0.16666667 | I15: =CEILING(G15/H15,1) -> 480
A16: sub_32 | B16: vector | C16: 1 | E16: 1 | F16: 1 | G16: =CEILING(F16/oc_unroll,1) -> 1 | H16: 0.125 | I16: =CEILING(G16/H16,1) -> 8
A17: quantize_mx_3 | B17: vector | C17: 1x4x128x128 | E17: 1x4x128x128 | F17: 65536 | G17: =CEILING(F17/oc_unroll,1) -> 1024 | H17: 0.5 | I17: =CEILING(G17/H17,1) -> 2048
A18: matmul_mx_1 | B18: gemm | C18: 1x1x1x128 | D18: 1x1x128x128 | E18: 1x1x1x128 | F18: 16384 | G18: =CEILING(F18/oc_unroll,1) -> 256 | H18: 1 | I18: =CEILING(G18/H18,1) -> 256
A19: matmul_mx_fused | B19: gemm | C19: 1x1x1x512 | D19: 1x1x128x512 | E19: 1x1x1x128 | F19: 65536 | G19: =CEILING(F19/oc_unroll,1) -> 1024 | H19: 1 | I19: =CEILING(G19/H19,1) -> 1024
A20: model_layers_0_self_attn_o_proj_fused | B20: gemm | C20: 1x1x4096 | D20: 1024x4096 | E20: 1x1x1024 | F20: 4194304 | G20: =CEILING(F20/oc_unroll,1) -> 65536 | H20: 1 | I20: =CEILING(G20/H20,1) -> 65536
A21: quantize_default_3 | B21: vector | C21: 1x1x4096 | E21: 1x1x4096 | F21: 4096 | G21: =CEILING(F21/oc_unroll,1) -> 64 | H21: 0.5 | I21: =CEILING(G21/H21,1) -> 128
A22: model_layers_0_post_attention_layernorm_fused | B22: vector | C22: 1x1x4096 | E22: 1x1x4096 | F22: 4096 | G22: =CEILING(F22/oc_unroll,1) -> 64 | H22: 0.03125 | I22: =CEILING(G22/H22,1) -> 2048
A23: model_layers_0_mlp_gate_proj_fused | B23: gemm | C23: 1x1x4096 | D23: 256x4096 | E23: 1x1x256 | F23: 1048576 | G23: =CEILING(F23/oc_unroll,1) -> 16384 | H23: 1 | I23: =CEILING(G23/H23,1) -> 16384
A24: model_layers_0_mlp_up_proj_fused | B24: gemm | C24: 1x1x4096 | D24: 256x4096 | E24: 1x1x256 | F24: 1048576 | G24: =CEILING(F24/oc_unroll,1) -> 16384 | H24: 1 | I24: =CEILING(G24/H24,1) -> 16384
A25: model_layers_0_mlp_down_proj_fused | B25: gemm | C25: 1x1x11008 | D25: 256x11008 | E25: 1x1x256 | F25: 2818048 | G25: =CEILING(F25/oc_unroll,1) -> 44032 | H25: 1 | I25: =CEILING(G25/H25,1) -> 44032
A26: lm_head | B26: gemm | C26: 1x4096 | D26: 640x4096 | E26: 1x640 | F26: 2621440 | G26: =CEILING(F26/oc_unroll,1) -> 40960 | H26: 1 | I26: =CEILING(G26/H26,1) -> 40960

Sheet Events
A1: EID | B1: Node | C1: Kind | D1: Resource | E1: Iter | F1: Bytes | G1: Start | H1: Latency | I1: End | J1: Compute | K1: DRAM | L1: Read B | M1: Write B
A2: 0 | B2: async_copy_35 | C2: load | D2: dram | E2: () | F2: 8192 | G2: =0 -> 0 | H2: =CEILING((dram_access_latency+F2/dram_bandwidth)*frequency,1) -> 221 | I2: =G2+H2 -> 221 | J2: =IF(AND(D2<>"dram",D2<>"control"),H2,0) -> 0 | K2: =IF(D2="dram",H2,0) -> 221 | L2: 8192 | M2: 0
A3: 1 | B3: async_wait_11 | C3: async_wait | D3: control | E3: (0,) | F3: 0 | G3: =MAX(I2) -> 0 | H3: =0 -> 221 | I3: =G3+H3 -> 221 | J3: =IF(AND(D3<>"dram",D3<>"control"),H3,0) -> 0 | K3: =IF(D3="dram",H3,0) -> 0 | L3: 0 | M3: 0
A4: 2 | B4: quantize_default | C4: compute | D4: vector | E4: (0,) | F4: 0 | G4: =MAX(I3) -> 221 | H4: ='Operations'!I2 -> 128 | I4: =G4+H4 -> 349 | J4: =IF(AND(D4<>"dram",D4<>"control"),H4,0) -> 128 | K4: =IF(D4="dram",H4,0) -> 0 | L4: 0 | M4: 0
A5: 3 | B5: async_copy_37 | C5: store | D5: dram | E5: (0,) | F5: 4096 | G5: =MAX(I4,I2) -> 349 | H5: =CEILING((dram_access_latency+F5/dram_bandwidth)*frequency,1) -> 161 | I5: =G5+H5 -> 510 | J5: =IF(AND(D5<>"dram",D5<>"control"),H5,0) -> 0 | K5: =IF(D5="dram",H5,0) -> 161 | L5: 0 | M5: 4096
A6: 4 | B6: async_wait_13 | C6: async_wait | D6: control | E6: () | F6: 0 | G6: =MAX(I4,I5) -> 349 | H6: =0 -> 161 | I6: =G6+H6 -> 510 | J6: =IF(AND(D6<>"dram",D6<>"control"),H6,0) -> 0 | K6: =IF(D6="dram",H6,0) -> 0 | L6: 0 | M6: 0
A7: 5 | B7: async_copy_38 | C7: load | D7: dram | E7: () | F7: 4096 | G7: =MAX(I6,I5) -> 510 | H7: =CEILING((dram_access_latency+F7/dram_bandwidth)*frequency,1) -> 161 | I7: =G7+H7 -> 671 | J7: =IF(AND(D7<>"dram",D7<>"control"),H7,0) -> 0 | K7: =IF(D7="dram",H7,0) -> 161 | L7: 4096 | M7: 0
A8: 6 | B8: async_copy_39 | C8: load | D8: dram | E8: () | F8: 8192 | G8: =MAX(I6,I7) -> 671 | H8: =CEILING((dram_access_latency+F8/dram_bandwidth)*frequency,1) -> 221 | I8: =G8+H8 -> 892 | J8: =IF(AND(D8<>"dram",D8<>"control"),H8,0) -> 0 | K8: =IF(D8="dram",H8,0) -> 221 | L8: 8192 | M8: 0
A9: 7 | B9: async_wait_15 | C9: async_wait | D9: control | E9: (0,) | F9: 0 | G9: =MAX(I6,I7) -> 510 | H9: =0 -> 161 | I9: =G9+H9 -> 671 | J9: =IF(AND(D9<>"dram",D9<>"control"),H9,0) -> 0 | K9: =IF(D9="dram",H9,0) -> 0 | L9: 0 | M9: 0
A10: 8 | B10: async_wait_16 | C10: async_wait | D10: control | E10: (0,) | F10: 0 | G10: =MAX(I9,I8) -> 671 | H10: =0 -> 221 | I10: =G10+H10 -> 892 | J10: =IF(AND(D10<>"dram",D10<>"control"),H10,0) -> 0 | K10: =IF(D10="dram",H10,0) -> 0 | L10: 0 | M10: 0
A11: 9 | B11: model_layers_0_input_layernorm_fused | C11: compute | D11: vector | E11: (0,) | F11: 0 | G11: =MAX(I10,I4) -> 892 | H11: ='Operations'!I3 -> 2048 | I11: =G11+H11 -> 2940 | J11: =IF(AND(D11<>"dram",D11<>"control"),H11,0) -> 2048 | K11: =IF(D11="dram",H11,0) -> 0 | L11: 0 | M11: 0
A12: 10 | B12: async_copy_42 | C12: store | D12: dram | E12: (0,) | F12: 64 | G12: =MAX(I11,I8) -> 2940 | H12: =CEILING((dram_access_latency+F12/dram_bandwidth)*frequency,1) -> 101 | I12: =G12+H12 -> 3041 | J12: =IF(AND(D12<>"dram",D12<>"control"),H12,0) -> 0 | K12: =IF(D12="dram",H12,0) -> 101 | L12: 0 | M12: 64
A13: 11 | B13: async_copy_43 | C13: store | D13: dram | E13: (0,) | F13: 2048 | G13: =MAX(I11,I12) -> 3041 | H13: =CEILING((dram_access_latency+F13/dram_bandwidth)*frequency,1) -> 131 | I13: =G13+H13 -> 3172 | J13: =IF(AND(D13<>"dram",D13<>"control"),H13,0) -> 0 | K13: =IF(D13="dram",H13,0) -> 131 | L13: 0 | M13: 2048
A14: 12 | B14: async_wait_19 | C14: async_wait | D14: control | E14: () | F14: 0 | G14: =MAX(I11,I12) -> 2940 | H14: =0 -> 101 | I14: =G14+H14 -> 3041 | J14: =IF(AND(D14<>"dram",D14<>"control"),H14,0) -> 0 | K14: =IF(D14="dram",H14,0) -> 0 | L14: 0 | M14: 0
A15: 13 | B15: async_wait_21 | C15: async_wait | D15: control | E15: () | F15: 0 | G15: =MAX(I14,I13) -> 3041 | H15: =0 -> 131 | I15: =G15+H15 -> 3172 | J15: =IF(AND(D15<>"dram",D15<>"control"),H15,0) -> 0 | K15: =IF(D15="dram",H15,0) -> 0 | L15: 0 | M15: 0
A16: 14 | B16: async_copy_44 | C16: load | D16: dram | E16: (0,) | F16: 2048 | G16: =MAX(I15,I13) -> 3172 | H16: =CEILING((dram_access_latency+F16/dram_bandwidth)*frequency,1) -> 131 | I16: =G16+H16 -> 3303 | J16: =IF(AND(D16<>"dram",D16<>"control"),H16,0) -> 0 | K16: =IF(D16="dram",H16,0) -> 131 | L16: 2048 | M16: 0
A17: 15 | B17: async_copy_45 | C17: load | D17: dram | E17: (0,) | F17: 2097152 | G17: =MAX(I15,I16) -> 3303 | H17: =CEILING((dram_access_latency+F17/dram_bandwidth)*frequency,1) -> 30941 | I17: =G17+H17 -> 34244 | J17: =IF(AND(D17<>"dram",D17<>"control"),H17,0) -> 0 | K17: =IF(D17="dram",H17,0) -> 30941 | L17: 2097152 | M17: 0
A18: 16 | B18: async_copy_46 | C18: load | D18: dram | E18: (0,) | F18: 64 | G18: =MAX(I15,I17) -> 34244 | H18: =CEILING((dram_access_latency+F18/dram_bandwidth)*frequency,1) -> 101 | I18: =G18+H18 -> 34345 | J18: =IF(AND(D18<>"dram",D18<>"control"),H18,0) -> 0 | K18: =IF(D18="dram",H18,0) -> 101 | L18: 64 | M18: 0
A19: 17 | B19: async_copy_47 | C19: load | D19: dram | E19: (0,) | F19: 65536 | G19: =MAX(I15,I18) -> 34345 | H19: =CEILING((dram_access_latency+F19/dram_bandwidth)*frequency,1) -> 1064 | I19: =G19+H19 -> 35409 | J19: =IF(AND(D19<>"dram",D19<>"control"),H19,0) -> 0 | K19: =IF(D19="dram",H19,0) -> 1064 | L19: 65536 | M19: 0
A20: 18 | B20: model_layers_0_self_attn_q_proj_fused | C20: compute | D20: vector | E20: (0,) | F20: 0 | G20: =MAX(I11,I16,I17,I18,I19) -> 35409 | H20: ='Operations'!I4 -> 65536 | I20: =G20+H20 -> 100945 | J20: =IF(AND(D20<>"dram",D20<>"control"),H20,0) -> 65536 | K20: =IF(D20="dram",H20,0) -> 0 | L20: 0 | M20: 0
A21: 19 | B21: async_copy_45 | C21: load | D21: dram | E21: (1,) | F21: 2097152 | G21: =MAX(I15,I19) -> 35409 | H21: =CEILING((dram_access_latency+F21/dram_bandwidth)*frequency,1) -> 30941 | I21: =G21+H21 -> 66350 | J21: =IF(AND(D21<>"dram",D21<>"control"),H21,0) -> 0 | K21: =IF(D21="dram",H21,0) -> 30941 | L21: 2097152 | M21: 0
A22: 20 | B22: async_copy_47 | C22: load | D22: dram | E22: (1,) | F22: 65536 | G22: =MAX(I15,I21) -> 66350 | H22: =CEILING((dram_access_latency+F22/dram_bandwidth)*frequency,1) -> 1064 | I22: =G22+H22 -> 67414 | J22: =IF(AND(D22<>"dram",D22<>"control"),H22,0) -> 0 | K22: =IF(D22="dram",H22,0) -> 1064 | L22: 65536 | M22: 0
A23: 21 | B23: model_layers_0_self_attn_q_proj_fused | C23: compute | D23: vector | E23: (1,) | F23: 0 | G23: =MAX(I20,I16,I21,I18,I22) -> 100945 | H23: ='Operations'!I4 -> 65536 | I23: =G23+H23 -> 166481 | J23: =IF(AND(D23<>"dram",D23<>"control"),H23,0) -> 65536 | K23: =IF(D23="dram",H23,0) -> 0 | L23: 0 | M23: 0
A24: 22 | B24: async_wait_23 | C24: async_wait | D24: control | E24: (1,) | F24: 0 | G24: =MAX(I15,I20) -> 3172 | H24: =0 -> 97773 | I24: =G24+H24 -> 100945 | J24: =IF(AND(D24<>"dram",D24<>"control"),H24,0) -> 0 | K24: =IF(D24="dram",H24,0) -> 0 | L24: 0 | M24: 0
A25: 23 | B25: async_copy_48 | C25: store | D25: dram | E25: (1,) | F25: 2048 | G25: =MAX(I24,I22) -> 100945 | H25: =CEILING((dram_access_latency+F25/dram_bandwidth)*frequency,1) -> 131 | I25: =G25+H25 -> 101076 | J25: =IF(AND(D25<>"dram",D25<>"control"),H25,0) -> 0 | K25: =IF(D25="dram",H25,0) -> 131 | L25: 0 | M25: 2048
A26: 24 | B26: async_copy_45 | C26: load | D26: dram | E26: (2,) | F26: 2097152 | G26: =MAX(I24,I25) -> 101076 | H26: =CEILING((dram_access_latency+F26/dram_bandwidth)*frequency,1) -> 30941 | I26: =G26+H26 -> 132017 | J26: =IF(AND(D26<>"dram",D26<>"control"),H26,0) -> 0 | K26: =IF(D26="dram",H26,0) -> 30941 | L26: 2097152 | M26: 0
A27: 25 | B27: async_copy_47 | C27: load | D27: dram | E27: (2,) | F27: 65536 | G27: =MAX(I24,I26) -> 132017 | H27: =CEILING((dram_access_latency+F27/dram_bandwidth)*frequency,1) -> 1064 | I27: =G27+H27 -> 133081 | J27: =IF(AND(D27<>"dram",D27<>"control"),H27,0) -> 0 | K27: =IF(D27="dram",H27,0) -> 1064 | L27: 65536 | M27: 0
A28: 26 | B28: model_layers_0_self_attn_q_proj_fused | C28: compute | D28: vector | E28: (2,) | F28: 0 | G28: =MAX(I23,I16,I26,I18,I27,I25) -> 166481 | H28: ='Operations'!I4 -> 65536 | I28: =G28+H28 -> 232017 | J28: =IF(AND(D28<>"dram",D28<>"control"),H28,0) -> 65536 | K28: =IF(D28="dram",H28,0) -> 0 | L28: 0 | M28: 0
A29: 27 | B29: async_wait_23 | C29: async_wait | D29: control | E29: (2,) | F29: 0 | G29: =MAX(I24,I23) -> 100945 | H29: =0 -> 65536 | I29: =G29+H29 -> 166481 | J29: =IF(AND(D29<>"dram",D29<>"control"),H29,0) -> 0 | K29: =IF(D29="dram",H29,0) -> 0 | L29: 0 | M29: 0
A30: 28 | B30: async_copy_48 | C30: store | D30: dram | E30: (2,) | F30: 2048 | G30: =MAX(I29,I27) -> 166481 | H30: =CEILING((dram_access_latency+F30/dram_bandwidth)*frequency,1) -> 131 | I30: =G30+H30 -> 166612 | J30: =IF(AND(D30<>"dram",D30<>"control"),H30,0) -> 0 | K30: =IF(D30="dram",H30,0) -> 131 | L30: 0 | M30: 2048
A31: 29 | B31: async_copy_45 | C31: load | D31: dram | E31: (3,) | F31: 2097152 | G31: =MAX(I29,I30) -> 166612 | H31: =CEILING((dram_access_latency+F31/dram_bandwidth)*frequency,1) -> 30941 | I31: =G31+H31 -> 197553 | J31: =IF(AND(D31<>"dram",D31<>"control"),H31,0) -> 0 | K31: =IF(D31="dram",H31,0) -> 30941 | L31: 2097152 | M31: 0
A32: 30 | B32: async_copy_47 | C32: load | D32: dram | E32: (3,) | F32: 65536 | G32: =MAX(I29,I31) -> 197553 | H32: =CEILING((dram_access_latency+F32/dram_bandwidth)*frequency,1) -> 1064 | I32: =G32+H32 -> 198617 | J32: =IF(AND(D32<>"dram",D32<>"control"),H32,0) -> 0 | K32: =IF(D32="dram",H32,0) -> 1064 | L32: 65536 | M32: 0
A33: 31 | B33: model_layers_0_self_attn_q_proj_fused | C33: compute | D33: vector | E33: (3,) | F33: 0 | G33: =MAX(I28,I16,I31,I18,I32,I30) -> 232017 | H33: ='Operations'!I4 -> 65536 | I33: =G33+H33 -> 297553 | J33: =IF(AND(D33<>"dram",D33<>"control"),H33,0) -> 65536 | K33: =IF(D33="dram",H33,0) -> 0 | L33: 0 | M33: 0
A34: 32 | B34: async_wait_23 | C34: async_wait | D34: control | E34: (3,) | F34: 0 | G34: =MAX(I29,I28) -> 166481 | H34: =0 -> 65536 | I34: =G34+H34 -> 232017 | J34: =IF(AND(D34<>"dram",D34<>"control"),H34,0) -> 0 | K34: =IF(D34="dram",H34,0) -> 0 | L34: 0 | M34: 0
A35: 33 | B35: async_copy_48 | C35: store | D35: dram | E35: (3,) | F35: 2048 | G35: =MAX(I34,I32) -> 232017 | H35: =CEILING((dram_access_latency+F35/dram_bandwidth)*frequency,1) -> 131 | I35: =G35+H35 -> 232148 | J35: =IF(AND(D35<>"dram",D35<>"control"),H35,0) -> 0 | K35: =IF(D35="dram",H35,0) -> 131 | L35: 0 | M35: 2048
A36: 34 | B36: async_wait_24 | C36: async_wait | D36: control | E36: () | F36: 0 | G36: =MAX(I34,I33) -> 232017 | H36: =0 -> 65536 | I36: =G36+H36 -> 297553 | J36: =IF(AND(D36<>"dram",D36<>"control"),H36,0) -> 0 | K36: =IF(D36="dram",H36,0) -> 0 | L36: 0 | M36: 0
A37: 35 | B37: async_copy_49 | C37: store | D37: dram | E37: () | F37: 2048 | G37: =MAX(I36,I35) -> 297553 | H37: =CEILING((dram_access_latency+F37/dram_bandwidth)*frequency,1) -> 131 | I37: =G37+H37 -> 297684 | J37: =IF(AND(D37<>"dram",D37<>"control"),H37,0) -> 0 | K37: =IF(D37="dram",H37,0) -> 131 | L37: 0 | M37: 2048
A38: 36 | B38: async_wait_25 | C38: async_wait | D38: control | E38: () | F38: 0 | G38: =MAX(I36,I35) -> 297553 | H38: =0 -> 0 | I38: =G38+H38 -> 297553 | J38: =IF(AND(D38<>"dram",D38<>"control"),H38,0) -> 0 | K38: =IF(D38="dram",H38,0) -> 0 | L38: 0 | M38: 0
A39: 37 | B39: async_wait_26 | C39: async_wait | D39: control | E39: () | F39: 0 | G39: =MAX(I38,I37) -> 297553 | H39: =0 -> 131 | I39: =G39+H39 -> 297684 | J39: =IF(AND(D39<>"dram",D39<>"control"),H39,0) -> 0 | K39: =IF(D39="dram",H39,0) -> 0 | L39: 0 | M39: 0
A40: 38 | B40: async_copy_50 | C40: load | D40: dram | E40: (0,) | F40: 2048 | G40: =MAX(I39,I37) -> 297684 | H40: =CEILING((dram_access_latency+F40/dram_bandwidth)*frequency,1) -> 131 | I40: =G40+H40 -> 297815 | J40: =IF(AND(D40<>"dram",D40<>"control"),H40,0) -> 0 | K40: =IF(D40="dram",H40,0) -> 131 | L40: 2048 | M40: 0
A41: 39 | B41: async_copy_51 | C41: load | D41: dram | E41: (0,) | F41: 2097152 | G41: =MAX(I39,I40) -> 297815 | H41: =CEILING((dram_access_latency+F41/dram_bandwidth)*frequency,1) -> 30941 | I41: =G41+H41 -> 328756 | J41: =IF(AND(D41<>"dram",D41<>"control"),H41,0) -> 0 | K41: =IF(D41="dram",H41,0) -> 30941 | L41: 2097152 | M41: 0
A42: 40 | B42: async_copy_52 | C42: load | D42: dram | E42: (0,) | F42: 64 | G42: =MAX(I39,I41) -> 328756 | H42: =CEILING((dram_access_latency+F42/dram_bandwidth)*frequency,1) -> 101 | I42: =G42+H42 -> 328857 | J42: =IF(AND(D42<>"dram",D42<>"control"),H42,0) -> 0 | K42: =IF(D42="dram",H42,0) -> 101 | L42: 64 | M42: 0
A43: 41 | B43: async_copy_53 | C43: load | D43: dram | E43: (0,) | F43: 65536 | G43: =MAX(I39,I42) -> 328857 | H43: =CEILING((dram_access_latency+F43/dram_bandwidth)*frequency,1) -> 1064 | I43: =G43+H43 -> 329921 | J43: =IF(AND(D43<>"dram",D43<>"control"),H43,0) -> 0 | K43: =IF(D43="dram",H43,0) -> 1064 | L43: 65536 | M43: 0
A44: 42 | B44: model_layers_0_self_attn_k_proj_fused | C44: compute | D44: vector | E44: (0,) | F44: 0 | G44: =MAX(I33,I40,I41,I42,I43) -> 329921 | H44: ='Operations'!I5 -> 65536 | I44: =G44+H44 -> 395457 | J44: =IF(AND(D44<>"dram",D44<>"control"),H44,0) -> 65536 | K44: =IF(D44="dram",H44,0) -> 0 | L44: 0 | M44: 0
A45: 43 | B45: async_copy_51 | C45: load | D45: dram | E45: (1,) | F45: 2097152 | G45: =MAX(I39,I43) -> 329921 | H45: =CEILING((dram_access_latency+F45/dram_bandwidth)*frequency,1) -> 30941 | I45: =G45+H45 -> 360862 | J45: =IF(AND(D45<>"dram",D45<>"control"),H45,0) -> 0 | K45: =IF(D45="dram",H45,0) -> 30941 | L45: 2097152 | M45: 0
A46: 44 | B46: async_copy_53 | C46: load | D46: dram | E46: (1,) | F46: 65536 | G46: =MAX(I39,I45) -> 360862 | H46: =CEILING((dram_access_latency+F46/dram_bandwidth)*frequency,1) -> 1064 | I46: =G46+H46 -> 361926 | J46: =IF(AND(D46<>"dram",D46<>"control"),H46,0) -> 0 | K46: =IF(D46="dram",H46,0) -> 1064 | L46: 65536 | M46: 0
A47: 45 | B47: model_layers_0_self_attn_k_proj_fused | C47: compute | D47: vector | E47: (1,) | F47: 0 | G47: =MAX(I44,I40,I45,I42,I46) -> 395457 | H47: ='Operations'!I5 -> 65536 | I47: =G47+H47 -> 460993 | J47: =IF(AND(D47<>"dram",D47<>"control"),H47,0) -> 65536 | K47: =IF(D47="dram",H47,0) -> 0 | L47: 0 | M47: 0
A48: 46 | B48: async_wait_27 | C48: async_wait | D48: control | E48: (1,) | F48: 0 | G48: =MAX(I39,I44) -> 297684 | H48: =0 -> 97773 | I48: =G48+H48 -> 395457 | J48: =IF(AND(D48<>"dram",D48<>"control"),H48,0) -> 0 | K48: =IF(D48="dram",H48,0) -> 0 | L48: 0 | M48: 0
A49: 47 | B49: async_copy_54 | C49: store | D49: dram | E49: (1,) | F49: 2048 | G49: =MAX(I48,I46) -> 395457 | H49: =CEILING((dram_access_latency+F49/dram_bandwidth)*frequency,1) -> 131 | I49: =G49+H49 -> 395588 | J49: =IF(AND(D49<>"dram",D49<>"control"),H49,0) -> 0 | K49: =IF(D49="dram",H49,0) -> 131 | L49: 0 | M49: 2048
A50: 48 | B50: async_copy_51 | C50: load | D50: dram | E50: (2,) | F50: 2097152 | G50: =MAX(I48,I49) -> 395588 | H50: =CEILING((dram_access_latency+F50/dram_bandwidth)*frequency,1) -> 30941 | I50: =G50+H50 -> 426529 | J50: =IF(AND(D50<>"dram",D50<>"control"),H50,0) -> 0 | K50: =IF(D50="dram",H50,0) -> 30941 | L50: 2097152 | M50: 0
A51: 49 | B51: async_copy_53 | C51: load | D51: dram | E51: (2,) | F51: 65536 | G51: =MAX(I48,I50) -> 426529 | H51: =CEILING((dram_access_latency+F51/dram_bandwidth)*frequency,1) -> 1064 | I51: =G51+H51 -> 427593 | J51: =IF(AND(D51<>"dram",D51<>"control"),H51,0) -> 0 | K51: =IF(D51="dram",H51,0) -> 1064 | L51: 65536 | M51: 0
A52: 50 | B52: model_layers_0_self_attn_k_proj_fused | C52: compute | D52: vector | E52: (2,) | F52: 0 | G52: =MAX(I47,I40,I50,I42,I51,I49) -> 460993 | H52: ='Operations'!I5 -> 65536 | I52: =G52+H52 -> 526529 | J52: =IF(AND(D52<>"dram",D52<>"control"),H52,0) -> 65536 | K52: =IF(D52="dram",H52,0) -> 0 | L52: 0 | M52: 0
A53: 51 | B53: async_wait_27 | C53: async_wait | D53: control | E53: (2,) | F53: 0 | G53: =MAX(I48,I47) -> 395457 | H53: =0 -> 65536 | I53: =G53+H53 -> 460993 | J53: =IF(AND(D53<>"dram",D53<>"control"),H53,0) -> 0 | K53: =IF(D53="dram",H53,0) -> 0 | L53: 0 | M53: 0
A54: 52 | B54: async_copy_54 | C54: store | D54: dram | E54: (2,) | F54: 2048 | G54: =MAX(I53,I51) -> 460993 | H54: =CEILING((dram_access_latency+F54/dram_bandwidth)*frequency,1) -> 131 | I54: =G54+H54 -> 461124 | J54: =IF(AND(D54<>"dram",D54<>"control"),H54,0) -> 0 | K54: =IF(D54="dram",H54,0) -> 131 | L54: 0 | M54: 2048
A55: 53 | B55: async_copy_51 | C55: load | D55: dram | E55: (3,) | F55: 2097152 | G55: =MAX(I53,I54) -> 461124 | H55: =CEILING((dram_access_latency+F55/dram_bandwidth)*frequency,1) -> 30941 | I55: =G55+H55 -> 492065 | J55: =IF(AND(D55<>"dram",D55<>"control"),H55,0) -> 0 | K55: =IF(D55="dram",H55,0) -> 30941 | L55: 2097152 | M55: 0
A56: 54 | B56: async_copy_53 | C56: load | D56: dram | E56: (3,) | F56: 65536 | G56: =MAX(I53,I55) -> 492065 | H56: =CEILING((dram_access_latency+F56/dram_bandwidth)*frequency,1) -> 1064 | I56: =G56+H56 -> 493129 | J56: =IF(AND(D56<>"dram",D56<>"control"),H56,0) -> 0 | K56: =IF(D56="dram",H56,0) -> 1064 | L56: 65536 | M56: 0
A57: 55 | B57: model_layers_0_self_attn_k_proj_fused | C57: compute | D57: vector | E57: (3,) | F57: 0 | G57: =MAX(I52,I40,I55,I42,I56,I54) -> 526529 | H57: ='Operations'!I5 -> 65536 | I57: =G57+H57 -> 592065 | J57: =IF(AND(D57<>"dram",D57<>"control"),H57,0) -> 65536 | K57: =IF(D57="dram",H57,0) -> 0 | L57: 0 | M57: 0
A58: 56 | B58: async_wait_27 | C58: async_wait | D58: control | E58: (3,) | F58: 0 | G58: =MAX(I53,I52) -> 460993 | H58: =0 -> 65536 | I58: =G58+H58 -> 526529 | J58: =IF(AND(D58<>"dram",D58<>"control"),H58,0) -> 0 | K58: =IF(D58="dram",H58,0) -> 0 | L58: 0 | M58: 0
A59: 57 | B59: async_copy_54 | C59: store | D59: dram | E59: (3,) | F59: 2048 | G59: =MAX(I58,I56) -> 526529 | H59: =CEILING((dram_access_latency+F59/dram_bandwidth)*frequency,1) -> 131 | I59: =G59+H59 -> 526660 | J59: =IF(AND(D59<>"dram",D59<>"control"),H59,0) -> 0 | K59: =IF(D59="dram",H59,0) -> 131 | L59: 0 | M59: 2048
A60: 58 | B60: async_wait_28 | C60: async_wait | D60: control | E60: () | F60: 0 | G60: =MAX(I58,I57) -> 526529 | H60: =0 -> 65536 | I60: =G60+H60 -> 592065 | J60: =IF(AND(D60<>"dram",D60<>"control"),H60,0) -> 0 | K60: =IF(D60="dram",H60,0) -> 0 | L60: 0 | M60: 0
A61: 59 | B61: async_copy_55 | C61: store | D61: dram | E61: () | F61: 2048 | G61: =MAX(I60,I59) -> 592065 | H61: =CEILING((dram_access_latency+F61/dram_bandwidth)*frequency,1) -> 131 | I61: =G61+H61 -> 592196 | J61: =IF(AND(D61<>"dram",D61<>"control"),H61,0) -> 0 | K61: =IF(D61="dram",H61,0) -> 131 | L61: 0 | M61: 2048
A62: 60 | B62: async_wait_29 | C62: async_wait | D62: control | E62: () | F62: 0 | G62: =MAX(I60,I59) -> 592065 | H62: =0 -> 0 | I62: =G62+H62 -> 592065 | J62: =IF(AND(D62<>"dram",D62<>"control"),H62,0) -> 0 | K62: =IF(D62="dram",H62,0) -> 0 | L62: 0 | M62: 0
A63: 61 | B63: async_wait_30 | C63: async_wait | D63: control | E63: () | F63: 0 | G63: =MAX(I62,I61) -> 592065 | H63: =0 -> 131 | I63: =G63+H63 -> 592196 | J63: =IF(AND(D63<>"dram",D63<>"control"),H63,0) -> 0 | K63: =IF(D63="dram",H63,0) -> 0 | L63: 0 | M63: 0
A64: 62 | B64: async_copy_56 | C64: load | D64: dram | E64: (0,) | F64: 2048 | G64: =MAX(I63,I61) -> 592196 | H64: =CEILING((dram_access_latency+F64/dram_bandwidth)*frequency,1) -> 131 | I64: =G64+H64 -> 592327 | J64: =IF(AND(D64<>"dram",D64<>"control"),H64,0) -> 0 | K64: =IF(D64="dram",H64,0) -> 131 | L64: 2048 | M64: 0
A65: 63 | B65: async_copy_57 | C65: load | D65: dram | E65: (0,) | F65: 2097152 | G65: =MAX(I63,I64) -> 592327 | H65: =CEILING((dram_access_latency+F65/dram_bandwidth)*frequency,1) -> 30941 | I65: =G65+H65 -> 623268 | J65: =IF(AND(D65<>"dram",D65<>"control"),H65,0) -> 0 | K65: =IF(D65="dram",H65,0) -> 30941 | L65: 2097152 | M65: 0
A66: 64 | B66: async_copy_58 | C66: load | D66: dram | E66: (0,) | F66: 64 | G66: =MAX(I63,I65) -> 623268 | H66: =CEILING((dram_access_latency+F66/dram_bandwidth)*frequency,1) -> 101 | I66: =G66+H66 -> 623369 | J66: =IF(AND(D66<>"dram",D66<>"control"),H66,0) -> 0 | K66: =IF(D66="dram",H66,0) -> 101 | L66: 64 | M66: 0
A67: 65 | B67: async_copy_59 | C67: load | D67: dram | E67: (0,) | F67: 65536 | G67: =MAX(I63,I66) -> 623369 | H67: =CEILING((dram_access_latency+F67/dram_bandwidth)*frequency,1) -> 1064 | I67: =G67+H67 -> 624433 | J67: =IF(AND(D67<>"dram",D67<>"control"),H67,0) -> 0 | K67: =IF(D67="dram",H67,0) -> 1064 | L67: 65536 | M67: 0
A68: 66 | B68: model_layers_0_self_attn_v_proj_fused | C68: compute | D68: vector | E68: (0,) | F68: 0 | G68: =MAX(I57,I64,I65,I66,I67) -> 624433 | H68: ='Operations'!I6 -> 65536 | I68: =G68+H68 -> 689969 | J68: =IF(AND(D68<>"dram",D68<>"control"),H68,0) -> 65536 | K68: =IF(D68="dram",H68,0) -> 0 | L68: 0 | M68: 0
A69: 67 | B69: async_copy_57 | C69: load | D69: dram | E69: (1,) | F69: 2097152 | G69: =MAX(I63,I67) -> 624433 | H69: =CEILING((dram_access_latency+F69/dram_bandwidth)*frequency,1) -> 30941 | I69: =G69+H69 -> 655374 | J69: =IF(AND(D69<>"dram",D69<>"control"),H69,0) -> 0 | K69: =IF(D69="dram",H69,0) -> 30941 | L69: 2097152 | M69: 0
A70: 68 | B70: async_copy_59 | C70: load | D70: dram | E70: (1,) | F70: 65536 | G70: =MAX(I63,I69) -> 655374 | H70: =CEILING((dram_access_latency+F70/dram_bandwidth)*frequency,1) -> 1064 | I70: =G70+H70 -> 656438 | J70: =IF(AND(D70<>"dram",D70<>"control"),H70,0) -> 0 | K70: =IF(D70="dram",H70,0) -> 1064 | L70: 65536 | M70: 0
A71: 69 | B71: model_layers_0_self_attn_v_proj_fused | C71: compute | D71: vector | E71: (1,) | F71: 0 | G71: =MAX(I68,I64,I69,I66,I70) -> 689969 | H71: ='Operations'!I6 -> 65536 | I71: =G71+H71 -> 755505 | J71: =IF(AND(D71<>"dram",D71<>"control"),H71,0) -> 65536 | K71: =IF(D71="dram",H71,0) -> 0 | L71: 0 | M71: 0
A72: 70 | B72: async_wait_31 | C72: async_wait | D72: control | E72: (1,) | F72: 0 | G72: =MAX(I63,I68) -> 592196 | H72: =0 -> 97773 | I72: =G72+H72 -> 689969 | J72: =IF(AND(D72<>"dram",D72<>"control"),H72,0) -> 0 | K72: =IF(D72="dram",H72,0) -> 0 | L72: 0 | M72: 0
A73: 71 | B73: async_copy_60 | C73: store | D73: dram | E73: (1,) | F73: 2048 | G73: =MAX(I72,I70) -> 689969 | H73: =CEILING((dram_access_latency+F73/dram_bandwidth)*frequency,1) -> 131 | I73: =G73+H73 -> 690100 | J73: =IF(AND(D73<>"dram",D73<>"control"),H73,0) -> 0 | K73: =IF(D73="dram",H73,0) -> 131 | L73: 0 | M73: 2048
A74: 72 | B74: async_copy_57 | C74: load | D74: dram | E74: (2,) | F74: 2097152 | G74: =MAX(I72,I73) -> 690100 | H74: =CEILING((dram_access_latency+F74/dram_bandwidth)*frequency,1) -> 30941 | I74: =G74+H74 -> 721041 | J74: =IF(AND(D74<>"dram",D74<>"control"),H74,0) -> 0 | K74: =IF(D74="dram",H74,0) -> 30941 | L74: 2097152 | M74: 0
A75: 73 | B75: async_copy_59 | C75: load | D75: dram | E75: (2,) | F75: 65536 | G75: =MAX(I72,I74) -> 721041 | H75: =CEILING((dram_access_latency+F75/dram_bandwidth)*frequency,1) -> 1064 | I75: =G75+H75 -> 722105 | J75: =IF(AND(D75<>"dram",D75<>"control"),H75,0) -> 0 | K75: =IF(D75="dram",H75,0) -> 1064 | L75: 65536 | M75: 0
A76: 74 | B76: model_layers_0_self_attn_v_proj_fused | C76: compute | D76: vector | E76: (2,) | F76: 0 | G76: =MAX(I71,I64,I74,I66,I75,I73) -> 755505 | H76: ='Operations'!I6 -> 65536 | I76: =G76+H76 -> 821041 | J76: =IF(AND(D76<>"dram",D76<>"control"),H76,0) -> 65536 | K76: =IF(D76="dram",H76,0) -> 0 | L76: 0 | M76: 0
A77: 75 | B77: async_wait_31 | C77: async_wait | D77: control | E77: (2,) | F77: 0 | G77: =MAX(I72,I71) -> 689969 | H77: =0 -> 65536 | I77: =G77+H77 -> 755505 | J77: =IF(AND(D77<>"dram",D77<>"control"),H77,0) -> 0 | K77: =IF(D77="dram",H77,0) -> 0 | L77: 0 | M77: 0
A78: 76 | B78: async_copy_60 | C78: store | D78: dram | E78: (2,) | F78: 2048 | G78: =MAX(I77,I75) -> 755505 | H78: =CEILING((dram_access_latency+F78/dram_bandwidth)*frequency,1) -> 131 | I78: =G78+H78 -> 755636 | J78: =IF(AND(D78<>"dram",D78<>"control"),H78,0) -> 0 | K78: =IF(D78="dram",H78,0) -> 131 | L78: 0 | M78: 2048
A79: 77 | B79: async_copy_57 | C79: load | D79: dram | E79: (3,) | F79: 2097152 | G79: =MAX(I77,I78) -> 755636 | H79: =CEILING((dram_access_latency+F79/dram_bandwidth)*frequency,1) -> 30941 | I79: =G79+H79 -> 786577 | J79: =IF(AND(D79<>"dram",D79<>"control"),H79,0) -> 0 | K79: =IF(D79="dram",H79,0) -> 30941 | L79: 2097152 | M79: 0
A80: 78 | B80: async_copy_59 | C80: load | D80: dram | E80: (3,) | F80: 65536 | G80: =MAX(I77,I79) -> 786577 | H80: =CEILING((dram_access_latency+F80/dram_bandwidth)*frequency,1) -> 1064 | I80: =G80+H80 -> 787641 | J80: =IF(AND(D80<>"dram",D80<>"control"),H80,0) -> 0 | K80: =IF(D80="dram",H80,0) -> 1064 | L80: 65536 | M80: 0
A81: 79 | B81: model_layers_0_self_attn_v_proj_fused | C81: compute | D81: vector | E81: (3,) | F81: 0 | G81: =MAX(I76,I64,I79,I66,I80,I78) -> 821041 | H81: ='Operations'!I6 -> 65536 | I81: =G81+H81 -> 886577 | J81: =IF(AND(D81<>"dram",D81<>"control"),H81,0) -> 65536 | K81: =IF(D81="dram",H81,0) -> 0 | L81: 0 | M81: 0
A82: 80 | B82: async_wait_31 | C82: async_wait | D82: control | E82: (3,) | F82: 0 | G82: =MAX(I77,I76) -> 755505 | H82: =0 -> 65536 | I82: =G82+H82 -> 821041 | J82: =IF(AND(D82<>"dram",D82<>"control"),H82,0) -> 0 | K82: =IF(D82="dram",H82,0) -> 0 | L82: 0 | M82: 0
A83: 81 | B83: async_copy_60 | C83: store | D83: dram | E83: (3,) | F83: 2048 | G83: =MAX(I82,I80) -> 821041 | H83: =CEILING((dram_access_latency+F83/dram_bandwidth)*frequency,1) -> 131 | I83: =G83+H83 -> 821172 | J83: =IF(AND(D83<>"dram",D83<>"control"),H83,0) -> 0 | K83: =IF(D83="dram",H83,0) -> 131 | L83: 0 | M83: 2048
A84: 82 | B84: async_wait_32 | C84: async_wait | D84: control | E84: () | F84: 0 | G84: =MAX(I82,I81) -> 821041 | H84: =0 -> 65536 | I84: =G84+H84 -> 886577 | J84: =IF(AND(D84<>"dram",D84<>"control"),H84,0) -> 0 | K84: =IF(D84="dram",H84,0) -> 0 | L84: 0 | M84: 0
A85: 83 | B85: async_copy_61 | C85: store | D85: dram | E85: () | F85: 2048 | G85: =MAX(I84,I83) -> 886577 | H85: =CEILING((dram_access_latency+F85/dram_bandwidth)*frequency,1) -> 131 | I85: =G85+H85 -> 886708 | J85: =IF(AND(D85<>"dram",D85<>"control"),H85,0) -> 0 | K85: =IF(D85="dram",H85,0) -> 131 | L85: 0 | M85: 2048
A86: 84 | B86: async_wait_33 | C86: async_wait | D86: control | E86: () | F86: 0 | G86: =MAX(I84,I83) -> 886577 | H86: =0 -> 0 | I86: =G86+H86 -> 886577 | J86: =IF(AND(D86<>"dram",D86<>"control"),H86,0) -> 0 | K86: =IF(D86="dram",H86,0) -> 0 | L86: 0 | M86: 0
A87: 85 | B87: async_wait_34 | C87: async_wait | D87: control | E87: () | F87: 0 | G87: =MAX(I86,I85) -> 886577 | H87: =0 -> 131 | I87: =G87+H87 -> 886708 | J87: =IF(AND(D87<>"dram",D87<>"control"),H87,0) -> 0 | K87: =IF(D87="dram",H87,0) -> 0 | L87: 0 | M87: 0
A88: 86 | B88: slice_1 | C88: load | D88: dram | E88: () | F88: 4096 | G88: =MAX(I87,I85) -> 886708 | H88: =CEILING((dram_access_latency+F88/dram_bandwidth)*frequency,1) -> 161 | I88: =G88+H88 -> 886869 | J88: =IF(AND(D88<>"dram",D88<>"control"),H88,0) -> 0 | K88: =IF(D88="dram",H88,0) -> 161 | L88: 4096 | M88: 0
A89: 87 | B89: slice_1 | C89: store | D89: dram | E89: () | F89: 4096 | G89: =MAX(I88,I88) -> 886869 | H89: =CEILING((dram_access_latency+F89/dram_bandwidth)*frequency,1) -> 161 | I89: =G89+H89 -> 887030 | J89: =IF(AND(D89<>"dram",D89<>"control"),H89,0) -> 0 | K89: =IF(D89="dram",H89,0) -> 161 | L89: 0 | M89: 4096
A90: 88 | B90: slice_2 | C90: load | D90: dram | E90: () | F90: 4096 | G90: =MAX(I89,I89) -> 887030 | H90: =CEILING((dram_access_latency+F90/dram_bandwidth)*frequency,1) -> 161 | I90: =G90+H90 -> 887191 | J90: =IF(AND(D90<>"dram",D90<>"control"),H90,0) -> 0 | K90: =IF(D90="dram",H90,0) -> 161 | L90: 4096 | M90: 0
A91: 89 | B91: slice_2 | C91: store | D91: dram | E91: () | F91: 4096 | G91: =MAX(I90,I90) -> 887191 | H91: =CEILING((dram_access_latency+F91/dram_bandwidth)*frequency,1) -> 161 | I91: =G91+H91 -> 887352 | J91: =IF(AND(D91<>"dram",D91<>"control"),H91,0) -> 0 | K91: =IF(D91="dram",H91,0) -> 161 | L91: 0 | M91: 4096
A92: 90 | B92: async_copy_62 | C92: load | D92: dram | E92: () | F92: 4096 | G92: =MAX(I91,I91) -> 887352 | H92: =CEILING((dram_access_latency+F92/dram_bandwidth)*frequency,1) -> 161 | I92: =G92+H92 -> 887513 | J92: =IF(AND(D92<>"dram",D92<>"control"),H92,0) -> 0 | K92: =IF(D92="dram",H92,0) -> 161 | L92: 4096 | M92: 0
A93: 91 | B93: async_wait_35 | C93: async_wait | D93: control | E93: (0,) | F93: 0 | G93: =MAX(I91,I92) -> 887352 | H93: =0 -> 161 | I93: =G93+H93 -> 887513 | J93: =IF(AND(D93<>"dram",D93<>"control"),H93,0) -> 0 | K93: =IF(D93="dram",H93,0) -> 0 | L93: 0 | M93: 0
A94: 92 | B94: neg | C94: compute | D94: vector | E94: (0,) | F94: 0 | G94: =MAX(I93,I81) -> 887513 | H94: ='Operations'!I7 -> 64 | I94: =G94+H94 -> 887577 | J94: =IF(AND(D94<>"dram",D94<>"control"),H94,0) -> 64 | K94: =IF(D94="dram",H94,0) -> 0 | L94: 0 | M94: 0
A95: 93 | B95: async_copy_64 | C95: store | D95: dram | E95: (0,) | F95: 4096 | G95: =MAX(I94,I92) -> 887577 | H95: =CEILING((dram_access_latency+F95/dram_bandwidth)*frequency,1) -> 161 | I95: =G95+H95 -> 887738 | J95: =IF(AND(D95<>"dram",D95<>"control"),H95,0) -> 0 | K95: =IF(D95="dram",H95,0) -> 161 | L95: 0 | M95: 4096
A96: 94 | B96: async_wait_37 | C96: async_wait | D96: control | E96: () | F96: 0 | G96: =MAX(I94,I95) -> 887577 | H96: =0 -> 161 | I96: =G96+H96 -> 887738 | J96: =IF(AND(D96<>"dram",D96<>"control"),H96,0) -> 0 | K96: =IF(D96="dram",H96,0) -> 0 | L96: 0 | M96: 0
A97: 95 | B97: cat | C97: load | D97: dram | E97: () | F97: 4096 | G97: =MAX(I96,I95) -> 887738 | H97: =CEILING((dram_access_latency+F97/dram_bandwidth)*frequency,1) -> 161 | I97: =G97+H97 -> 887899 | J97: =IF(AND(D97<>"dram",D97<>"control"),H97,0) -> 0 | K97: =IF(D97="dram",H97,0) -> 161 | L97: 4096 | M97: 0
A98: 96 | B98: cat | C98: load | D98: dram | E98: () | F98: 4096 | G98: =MAX(I97,I97) -> 887899 | H98: =CEILING((dram_access_latency+F98/dram_bandwidth)*frequency,1) -> 161 | I98: =G98+H98 -> 888060 | J98: =IF(AND(D98<>"dram",D98<>"control"),H98,0) -> 0 | K98: =IF(D98="dram",H98,0) -> 161 | L98: 4096 | M98: 0
A99: 97 | B99: cat | C99: store | D99: dram | E99: () | F99: 8192 | G99: =MAX(I98,I98) -> 888060 | H99: =CEILING((dram_access_latency+F99/dram_bandwidth)*frequency,1) -> 221 | I99: =G99+H99 -> 888281 | J99: =IF(AND(D99<>"dram",D99<>"control"),H99,0) -> 0 | K99: =IF(D99="dram",H99,0) -> 221 | L99: 0 | M99: 8192
A100: 98 | B100: async_copy_65 | C100: load | D100: dram | E100: () | F100: 8192 | G100: =MAX(I99,I99) -> 888281 | H100: =CEILING((dram_access_latency+F100/dram_bandwidth)*frequency,1) -> 221 | I100: =G100+H100 -> 888502 | J100: =IF(AND(D100<>"dram",D100<>"control"),H100,0) -> 0 | K100: =IF(D100="dram",H100,0) -> 221 | L100: 8192 | M100: 0
...

Sheet Gantt

Sheet Period

Sheet Summary
A1: Totals
A2: total_latency | B2: =MAX(Events!I2:I2053) -> 5887604
A3: dram_read_bytes | B3: =SUM(Events!L2:L2053) -> 189760780
A4: dram_write_bytes | B4: =SUM(Events!M2:M2053) -> 9945588
A6: Loops (compressed)
A7: Loop | B7: Trip | C7: Period iters events | D7: Repeat | E7: Period cyc | F7: Compact
A8: while_loop_25 | B8: 1 | C8: 0 | D8: 1 | E8: 510 | F8: prefix + period x 1 + suffix
A9: while_loop_26 | B9: 1 | C9: 0 | D9: 1 | E9: 2662 | F9: prefix + period x 1 + suffix
A10: while_loop_27 | B10: 4 | C10: 0 | D10: 2 | E10: 65536 | F10: prefix + period x 2 + suffix
A11: while_loop_28 | B11: 4 | C11: 0 | D11: 2 | E11: 65536 | F11: prefix + period x 2 + suffix
A12: while_loop_29 | B12: 4 | C12: 0 | D12: 2 | E12: 65536 | F12: prefix + period x 2 + suffix
A13: while_loop_30 | B13: 1 | C13: 0 | D13: 1 | E13: 386 | F13: prefix + period x 1 + suffix
A14: while_loop_31 | B14: 1 | C14: 0 | D14: 1 | E14: 674 | F14: prefix + period x 1 + suffix
A15: while_loop_32 | B15: 1 | C15: 0 | D15: 1 | E15: 921 | F15: prefix + period x 1 + suffix
A16: while_loop_33 | B16: 1 | C16: 0 | D16: 1 | E16: 386 | F16: prefix + period x 1 + suffix
A17: while_loop_34 | B17: 1 | C17: 0 | D17: 1 | E17: 674 | F17: prefix + period x 1 + suffix
A18: while_loop_35 | B18: 1 | C18: 0 | D18: 1 | E18: 895 | F18: prefix + period x 1 + suffix
A19: while_loop_36 | B19: 16 | C19: 7 | D19: 13 | E19: 6965 | F19: prefix + period x 13 + suffix
... A32: while_loop_49 | B32: 50 | C32: 5 | D32: 48 | E32: 40960 | F32: prefix + period x 48 + suffix
